{
  "body_q_max_abs": 0.00434485566587739,
  "body_q_rms": 0.0006993917168705503,
  "body_qd_max_abs": 0.08554276810536976,
  "body_qd_rms": 0.015086605222380055,
  "hand_pos_max_m": 0.00040923088090494275,
  "hand_pos_rms_m": 0.00031093714642338455,
  "hand_z_final_ref": 0.6201246976852417,
  "hand_z_final_test": 0.6202499270439148,
  "joint_q_max_abs": 0.5273206233978271,
  "joint_q_rms": 0.120083930042958,
  "joint_qd_max_abs": 0.42961928248405457,
  "joint_qd_rms": 0.0755077224187816,
  "joint_target_pos_max_abs": 0.0,
  "joint_target_pos_rms": 0.0,
  "left_finger_pos_max_m": 0.0002137380070053041,
  "left_finger_pos_rms_m": 0.00017599946295376867,
  "left_finger_z_final_ref": 0.5617218017578125,
  "left_finger_z_final_test": 0.5618502497673035,
  "right_finger_pos_max_m": 0.00023682207392994314,
  "right_finger_pos_rms_m": 0.00018939923029392958,
  "right_finger_z_final_ref": 0.561721682548523,
  "right_finger_z_final_test": 0.5618493556976318,
  "rigid_video_sha256": "da236e44259f4f099eaf86061d663ca0b2bf0dba807f180114e97fdb41709e7a",
  "rvbd_video_sha256": "61fd5ef045586fe43af3aa04521d309ee1aa82992cb51658445a1b173b440fca",
  "side_by_side_video": "side_by_side_rigid_vs_rvbd.mp4",
  "video_compared_frames": 240.0,
  "video_mae_max": 0.10560619212962963,
  "video_mae_mean": 0.0851896068431713,
  "video_max_abs_pixel": 213.0,
  "video_ref_frames": 240.0,
  "video_test_frames": 240.0,
  "video_worst_frame": 227.0,
  "worst_frame_diff": "worst_frame_pixel_diff_x8.png"
}
